First Last,First,Last,Company,Domain
Jesse Fraley,Jesse,Fraley,Bi-Rite Company Inc.,www.buddyrents.com
Kelly Lee Hannon,Kelly,Hannon,Boll & Branch LLC,www.bollandbranch.com
Katy Hill,Katy,Hill,Woodscape Ltd,www.woodscape.co.uk
Liz Connolly,Liz,Connolly,Connolly’s Furniture,www.connollysfurniture.com
Ivan Lim,Ivan,Lim,Brosa Design Pty Ltd,www.brosa.com.au
Craig Nelson,Craig,Nelson,Ultimate Office,www.ultoffice.com
John Turcich,John,Turcich,Gold Eagle Co.,www.goldeagle.com
Tina Nicole,Tina,Nicole,Nathan Anthony Mfg.,www.nafurniture.com
Bryan Repetski,Bryan,Repetski,The Brick Ltd,www.thebrick.com
Rick Marthens,Rick,Marthens,"Commercial Furniture Resource, Inc.",www.cfrdirect.com
Robert Hirsch,Robert,Hirsch,Gold Eagle Co.,www.goldeagle.com
Doug Durbin,Doug,Durbin,nuHaus,www.nuhaus.com
Brad Jordan,Brad,Jordan,Bedding Mart,www.thebeddingmart.com
Tommy Smith,Tommy,Smith,Capitol Discount Office Furniture,www.capitolofficefurniture.com
Christian Cerda,Christian,Cerda,SimpliSafe Home Security,www.simplisafe.com
Mohit Agrawal,Mohit,Agrawal,Asian Paints Ltd,www.asianpaints.com
Hector Almaguer,Hector,Almaguer,Blindster,www.blindster.com
Dennis Blankemeyer,Dennis,Blankemeyer,Crow Works,www.crowworks.com
Martin Diks,Martin,Diks,Swiss Sense,www.swisssense.nl
Ashok Wadhwa,,,Furniture Bazaar,www.furniturebazaar.com.au
