First Last,First,Last,Company,Domain
Kevin Cho,Kevin,Cho,"Bitfinder, Inc.",www.getawair.com
Charles Mauze,Charles,Mauze,"Sarreid, Ltd",www.sarreid.com
Frank Keshishian,Frank,Keshishian,L.A. Design Concepts,www.ladesignconcepts.com
Michael Newman,Michael,Newman,"Dayspring Hardwood & Moulding, Inc",www.dayspringinc.com
Tom Krieck,Tom,Krieck,Living Free Home,www.livingfreehome.com
Amy Kehoe,Amy,Kehoe,"Nickey Kehoe, Inc",www.nickeykehoe.com
Mario Piraino,Mario,Piraino,Beds For Backs,www.beds4backs.com.au
Siamak Hakakian,Siamak,Hakakian,ddc domus design collection,www.ddcnyc.com
Roy Sandler,Roy,Sandler,"Sandler Seating, Inc",www.sandlerseating.com
Melanie Ewing,Melanie,Ewing,"JMJS, Inc. d/b/a COE Distributing",www.coedistributing.com
Neeraj Bansal,Neeraj,Bansal,Recliners India Pvt. Ltd.,www.reclinersindia.com
Michael Bennett,Michael,Bennett,Bi-Rite Company Inc.,www.buddyrents.com
Ashwin Dani,Ashwin,Dani,Asian Paints Ltd,www.asianpaints.com
Tony Giacone,Tony,Giacone,"Albany Foam & Supply, Inc",www.albanyfoam.com
Pilar Meza,Pilar,Meza,Rotsen Furniture,www.rotsenfurniture.com
Antonio Nieves,Antonio,Nieves,Interior Define Inc.,www.interiordefine.com
David Green,David,Green,Target Furniture Hypermart,www.targetfurniture.co.nz
Martin Hymas,Martin,Hymas,Dunelm (Soft Furnishings) Limited,www.dunelm.com
Alphonse Reddy,Alphonse,Reddy,Sunday Mattresses & Beds,www.sundayrest.com
Jonathan Bottomley,,,Boll & Branch LLC,www.bollandbranch.com
