First Last,First,Last,Company,Domain
Jay Schiller,Jay,Schiller,"City Mattress, Inc.",www.citymattress.com
Barclay Butera,Barclay,Butera,"Barclay Butera, Inc",www.barclaybutera.com
Ellie Basa,Ellie,Basa,Houzz Inc.,www.houzz.com
Ann Mcintyre,Ann,Mcintyre,Wisteria,www.wisteria.com
Andrea Mugnaini,Andrea,Mugnaini,Mugnaini Imports Llc,www.mugnaini.com
Whitney Cook,Whitney,Cook,"Lexington Furniture Industries, Inc.",www.lexington.com
Chris Mullins,Chris,Mullins,"R.I., Inc.",www.seatingsolutions.com
Tom Brennan,Tom,Brennan,"Schoolhouse Outfitters, LLC",www.schooloutfitters.com
Chris Wright,Chris,Wright,Thompson & Morgan (UK) Limited,www.thompson-morgan.com
Peter Jones,Peter,Jones,"Panolam Industries International, Inc.",www.panolam.com
Louise Graham,Louise,Graham,Graham And Green Limited,www.grahamandgreen.co.uk
Mark Siminoff,Mark,Siminoff,"Bot Home Automation, Inc.",www.ring.com
Ray Kandola,Ray,Kandola,"City Furniture, Inc.",www.cityfurniture.com
Anthony Guerra,Anthony,Guerra,"Panolam Industries International, Inc.",www.panolam.com
James Jannetides,James,Jannetides,University Loft Company,www.uloft.com
Alejandro Bermell Hostalet,Alejandro,Hostalet,Flos S.p.A.,www.flos.com
Jason Juba,Jason,Juba,Profile,www.profilesystems.com.au
Allen Patel,Allen,Patel,Cabinets Quick!,www.cabinetsquick.com
Franco Goodman,Franco,Goodman,"Goodman Millwork, Inc",www.goodmanmillwork.com
Leo Lucisano,,,Uhuru Design,www.uhurudesign.com
