First Last,First,Last,Company,Domain
Doug Hart,Doug,Hart,Seating Inc.,www.seatinginc.com
Arnie Zaslow,Arnie,Zaslow,ATD-American Co.,www.atdamerican.com
David Horwitz,David,Horwitz,Kwalu Llc,www.kwalu.com
Sergio Palad,Sergio,Palad,"Sit 'n Sleep, Inc.",www.sitnsleep.com
Heather Karl,Heather,Karl,"Norix Group, Inc",www.norix.com
James Siminoff,James,Siminoff,"Bot Home Automation, Inc.",www.ring.com
Michael Zusman,Michael,Zusman,Kwalu Llc,www.kwalu.com
Richard Herman,Richard,Herman,"Leisure Craft, Inc.",www.leisurecraftinc.com
Mike Friedrich,Mike,Friedrich,Uhuru Design,www.uhurudesign.com
Jessica Katz,Jessica,Katz,"City Furniture, Inc.",www.cityfurniture.com
Don Leblanc,Don,Leblanc,SimpliSafe Home Security,www.simplisafe.com
Michele Swanson,Michele,Swanson,Country Willow Ltd,www.countrywillow.com
Jason Drebitko,Jason,Drebitko,ShackletonThomas,www.shackletonthomas.com
Karl Grable,Karl,Grable,Office Resource Group,www.officeresourcegroup.com
Alex Litvak,Alex,Litvak,"Sharperoo, LLC",www.buildzoom.com
Gordon Mearns,Gordon,Mearns,Sterling Furniture Group Ltd.,www.sterlingfurniture.co.uk
Gabor Irmalos,Gabor,Irmalos,Upbeat,www.upbeat.com
Herbert Wagner,Herbert,Wagner,Wagner SprayTech Corp.,www.wagnerspraytech.com
Elisa Johnson,Elisa,Johnson,Island City Traders,www.islandcitytraders.com
Nick Cardi,,,Cardis Furniture,www.cardis.com
